course_id,course_nam,description
11, AI and Machine Learning Mastery, Explore the exciting world of artificial intelligence and machine learning
12, Data Analytics Fundamentals Analytics, Master the essential skills of data analytics
13, Python for Data Science, Learn how to leverage Python for data science tasks
14, Advanced AI Applications, Dive deeper into artificial intelligence with a focus on advanced applications
15, Digital Marketing Strategies, Develop effective digital marketing strategies
16, Full Stack Web Development, Gain expertise in full-stack web development by building dynamic and interactive web applications
17, Financial Planning and Investment, Understand the principles of financial planning
18, Creative Photography Techniques, Master creative photography techniques
19, Exploring the Cosmos, Embark on a fascinating journey through astrophysics
20, Comprehensive Data Science Bootcamp, Join a comprehensive data science bootcamp suitable for both beginners
21, Sustainable Agriculture Innovations, Explore innovative practices in sustainable agriculture
22, Novel Writing Masterclass, Hone your novel writing skills in this masterclass
23,Python data analytics , Learn how to leverage Python for data science tasks
24,Python for Data Science and Machine Learning,Explore the fundamentals of Python programming and its applications in data science and machine learning.
25,Web Development with Django: A Python Framework,Learn to build dynamic web applications using the Django framework and Python.
26,Python Automation and Scripting,Dive into Python scripting and automation to streamline repetitive tasks and enhance productivity.
27,Advanced Python: Beyond the Basics,Take your Python skills to the next level by exploring advanced concepts and best practices in Python programming.
28,Python for Data Analysis and Visualization,"Master data analysis and visualization techniques using Python, with a focus on libraries like Pandas and Matplotlib."
29,Machine Learning Foundations,"Introduction to the basics of machine learning, covering algorithms, model evaluation, and applications."
29,Deep Learning Specialization,"A series of courses focusing on deep learning, neural networks, and their applications  machine learning."
30,Natural Language Processing with Python,Explore the intersection of AI and language processing and machine learning .
31,AI for Everyone,"An introductory course providing a broad overview of AI concepts, applications, and ethical considerations."
32,SQL for Data Science,Master SQL queries and database manipulation for effective data retrieval and analysis in a data science context.
33,SQL for BIG  Data Science ,Master SQL queries and database manipulation for effective data retrieval and analysis in a data science context.
34,Big Data Analytics,"Explore the principles and techniques of analyzing large-scale datasets, including tools like Apache Hadoop and Spark."
35,Data Visualization and Storytelling,Learn how to create compelling visualizations and tell a story with your data using tools like Tableau or Matplotlib
36,Creative Photography: Mastering Composition,Explore the principles of composition in photography and learn how to create visually compelling and artistic images.
37,Experimental Photography: Beyond the Basics,Dive into unconventional and experimental photographic techniques to push the boundaries of your creativity.
38,Portrait Photography: Capturing Emotion and Personality,Develop your skills in capturing expressive and meaningful portraits through creative techniques and lighting.
39,Fine Art Photography: Concepts and Practice,"Learn the art of fine photography, exploring various styles and techniques to express your artistic vision."
40,Personal Finance and Budgeting,"Learn the fundamentals of personal finance, budgeting, and money management to lay the foundation for financial planning."
41,Investment Strategies Finance : Building a Diversified Portfolio,Explore various investment strategies and learn how to build a diversified portfolio for long-term financial growth.
42,Introduction to Financial Planning,"Understand the basics of financial planning, including goal setting, budgeting, and creating a financial roadmap."
43,Stock Market Investing,"Dive into the world of stock market investing, covering analysis techniques and strategies for selecting investments."
44,Stock Market Investing: Analyzing and Selecting Investments,"Dive into the world of stock market investing, covering analysis techniques and strategies for selecting investments."
45,Retirement Planning and Pension Strategies,"Learn about retirement planning, pension options, and strategies to ensure financial security during your retirement years."
46,AI for Everyone,artificial intelligence and machine learning
